Grand Lux Cafe,600 N Michigan Ave,Chicago,IL,60611,"Diner, American",grandluxcafe
Rosangelas,2807 W 95th St,Evergreen Park,IL,60805,"Deli Food, American",rosangelas
Barney's Pizza,5648 W Chicago Ave,Chicago,IL,60651,"Italian, Pizza",barney'spizza
"Joe's Seafood, Prime Steak & Stone Crab",60 E Grand Ave ,Chicago,IL,60611,Seafood,"joe'sseafood,primesteak&stonecrab"
Portillo's Hot Dogs,100 W Ontario St,Chicago,IL,60610,"Italian, Deli Food, Pizza",portillo'shotdogs
Wildfire,159 W Erie St,Chicago,IL,60610,American,wildfire
Naty's Pizza,5129 S Kedzie Ave,Chicago,IL,60632,"Deli Food, Pizza, Sandwiches",naty'spizza
Chi Tung Chinese & Thai Restaurant,9560 S Kedzie Ave,Evergreen Park,IL,60805,"Chinese, Thai, Asian",chitungchinese&thairestaurant
Yen's,2856 N Clark St,Chicago,IL,60657,Chinese,yen's
De Arco's Pizza & Restaurant,2819 W 63rd St,Chicago,IL,60629,"Italian, Pizza",dearco'spizza&restaurant
Barraco's Pizza,3701 W 95th St,Evergreen Park,IL,60805,"Italian, Ice Cream, Pizza",barraco'spizza
Eleven City Diner,1112 S Wabash Ave,Chicago,IL,60605,"Diner, Deli Food, American",elevencitydiner
China Fast Wok,2020 N California Ave,Chicago,IL,60647,Chinese,chinafastwok
Cochiaro's Pizza,3553 N Central Ave,Chicago,IL,60634,"Italian, Pizza, Sandwiches",cochiaro'spizza
Kenny's Ribs & Chicken,8601 S Stony Island Ave,Chicago,IL,60617,"Southern, American",kenny'sribs&chicken
Phil's Pizza,1102 W 35th St,Chicago,IL,60609,"Pizza, American",phil'spizza
Obbie's Pizza,6654 W Archer Ave,Chicago,IL,60638,"Deli Food, American",obbie'spizza
Ma Ma Luna's Restaurant & Pizzeria,5109 W Fullerton Ave,Chicago,IL,60639,Italian,mamaluna'srestaurant&pizzeria
Sharks Fish & Chicken,2139 S State St,Chicago,IL,60616,"Seafood, Wings, Chicken",sharksfish&chicken
Just A Pizza,5136 S Archer Ave,Chicago,IL,60632,"Deli Food, Pizza, Sandwiches",justapizza
Gino's East,633 N Wells St,Chicago,IL,60610,"Pizza, Pasta",gino'seast
Wing Hoe,5356 North Sheridan Road,Chicago,IL,60640,Chinese,winghoe
Danny's Pizza Place,6021 S Archer Ave,Chicago,IL,60638,"Deli Food, American",danny'spizzaplace
Taqueria Diversey,5649 W Diversey Ave,Chicago,IL,60639,Mexican,taqueriadiversey
Jamaica Jerk Villa,8 E Cermak Rd,Chicago,IL,60611,"Jamaican, Seafood, Chicken",jamaicajerkvilla
Giordano's,730 N Rush St,Chicago,IL,60611,"Italian, Pizza, American",giordano's
Nicky's Chinese Food,5231 S Woodlawn Ave,Chicago,IL,60615,"Chinese, Asian",nicky'schinesefood
Phil's Pizza D'oro,5800 N Milwaukee Ave,Chicago,IL,60646,"Italian, Deli Food, Pizza",phil'spizzad'oro
King's Chop Suey,4739 W 63rd St,Chicago,IL,60629,Chinese,king'schopsuey
Naples Pizza,4300 S Western Ave,Chicago,IL,60609,Italian,naplespizza
Moy Lee Restaurant,5346 N Milwaukee Ave,Chicago,IL,60630,Chinese,moyleerestaurant
Papa John's Pizza,2620 N Narragansett Ave,Chicago,IL,60639,"Pizza, American",papajohn'spizza
Al's Italian Restaurant,6050 W. Cermak,Cicero,IL,60804,"Barbecue, Noodles, Italian",al'sitalianrestaurant
King's Wok,3340 W 95th St,Evergreen Park,IL,60805,Chinese,king'swok
Congress Pizzeria Restaurant & Lounge,2033 N Milwaukee Ave,Chicago,IL,60647,"Italian, Pizza",congresspizzeriarestaurant&lounge
Fat Sandwich Company,2273 N Lincoln Ave,Chicago,IL,60614,"Burgers, Sandwiches, American",fatsandwichcompany
Milano's Pizza & Specialties,10945 S Western Ave,Chicago,IL,60643,"Pizza, Pasta",milano'spizza&specialties
Cucina Biagio,7319 W Lawrence Ave,Harwood Heights,IL,60706,"Italian, Pizza, Sandwiches",cucinabiagio
El Campestre,4226 S Archer Ave,Chicago,IL,60632,Mexican,elcampestre
The Elephant Thai Cuisine,5348 W Devon Ave,Chicago,IL,60646,Thai,theelephantthaicuisine
R. J. Grunts,2056 N Lincoln Park W,Chicago,IL,60614,American,r.j.grunts
Lonnie's Pizzeria,8343 W Irving Park Rd,Chicago,IL,60634,"Deli Food, American",lonnie'spizzeria
Pizza Nova,3704 W 26th St,Chicago,IL,60623,"Barbecue, Burgers, Pizza",pizzanova
Vito Angelos Pizza Restaurant,3644 West Fullerton Avenue,Chicago,IL,60647,"Italian, Pasta",vitoangelospizzarestaurant
Nary's Pizza & Grill,4230 S Archer Ave,Chicago,IL,60632,"Pizza, Grill",nary'spizza&grill
Triano's Pizza,6758 W Archer Ave,Chicago,IL,60638,"Deli Food, American",triano'spizza
Tony's Original Cheese Steak Gyros & Wings,1400 West 95th Street,Chicago,IL,60643,Deli Food,tony'soriginalcheesesteakgyros&wings
Johnny's Snack Shop,160 N Halsted St,Chicago,IL,60661,"Diner, Hot Dogs, Sandwiches",johnny'ssnackshop
Monica's Pizza,6448 S Pulaski Rd,Chicago,IL,60629,"Deli Food, American",monica'spizza
Borinquen Restaurant II,3020 N Central Ave,Chicago,IL,60634,"Puerto Rican, Latin American",borinquenrestaurantii
Lotus Chinese Restaurant,7230 W North Ave,Elmwood Park,IL,60707,Chinese,lotuschineserestaurant
El Chisme,5955 S Pulaski Rd,Chicago,IL,60629,"Mexican, Pizza, Ribs",elchisme
Tom Lee Restaurant,4660 N Western Ave,Chicago,IL,60625,"Chinese, Noodles, Seafood",tomleerestaurant
La Scarola,721 W Grand Ave,Chicago,IL,60610,"Italian, Soups, Pasta",lascarola
Italian Fiesta Pizzeria,1400 E 47th St,Chicago,IL,60653,"Italian, Pizza, Sandwiches",italianfiestapizzeria
Coluta's Pizza,3239 N Harlem Ave,Chicago,IL,60634,"Deli Food, American",coluta'spizza
Pizza Castle,3256 W 55th St,Chicago,IL,60632,"Deli Food, Pizza, Sandwiches",pizzacastle
Harold's Chicken Shack,636 S Wabash Ave,Chicago,IL,60605,"Chicken, American",harold'schickenshack
Pho's Hot & Spicy Thai Cuisine,3332 N Lincoln Ave,Chicago,IL,60657,"Thai, Asian",pho'shot&spicythaicuisine
Wok N' Roll,1742 N Harlem Ave,Elmwood Park,IL,60707,Chinese,wokn'roll
Osteria Via Stato,603 N State St,Chicago,IL,60610,"Italian, Seafood",osteriaviastato
Bella's Pizza,2218 W Grand Ave,Chicago,IL,60612,"Pizza, American",bella'spizza
Chicago Carry Out,1760 W Chicago Ave,Chicago,IL,60622,"Greek, Diner",chicagocarryout
Villa Palermo,2154 W Devon Ave,Chicago,IL,60659,"Italian, Pizza, Sandwiches",villapalermo
Papa T's Pizza,2843 W 63rd St,Chicago,IL,60629,"Burgers, Pizza, Sandwiches",papat'spizza
Chinese Kitchen,5316 N Milwaukee Ave,Chicago,IL,60630,Chinese,chinesekitchen
Luke's Pasta Bowl & Pizzeria,215 W Jackson Blvd,Chicago,IL,60606,"Diner, American",luke'spastabowl&pizzeria
Pizza Nova,5849 S Pulaski Rd,Chicago,IL,60629,"Italian, Pizza",pizzanova
Golden Fish & Chicken # 2,2926 W 63rd St,Chicago,IL,60629,"Seafood, American",goldenfish&chicken#2
New China Tea,4024 W 55th St,Chicago,IL,60632,"Chinese, Noodles, Seafood",newchinatea
Martino's Restaurant,3431 W Peterson Ave,Chicago,IL,60659,"Italian, Pizza, Pasta",martino'srestaurant
Congress Pizzeria Restaurant & Lounge,5925 W Diversey Ave,Chicago,IL,60639,Italian,congresspizzeriarestaurant&lounge
Aroy Thai Restaurant,4656 N Damen Ave,Chicago,IL,60625,"Thai, Asian",aroythairestaurant
Chikago Pizzeria,6149 N Milwaukee Ave,Chicago,IL,60646,"Pizza, American",chikagopizzeria
Gigio's Pizza,4643 N Broadway St,Chicago,IL,60640,"Burgers, Pizza, Pasta",gigio'spizza
Nicky's Gyros,4240 S Wentworth,Chicago,IL,60609,"Greek, Breakfast",nicky'sgyros
Karyn's Conscious Comfort Food,738 N Wells St,Chicago,IL,60610,Vegetarian,karyn'sconsciouscomfortfood
Falco's Pizzeria,2806 W 40th Pl,Chicago,IL,60632,"Pizza, Sandwiches, Pasta",falco'spizzeria
Mr. Orange Chicken,12853 S Ashland,Calumet Park,IL,60827,"Chinese, Asian, Lunch Specials",mr.orangechicken
Pat's Pizzeria,628 S Clark St,Chicago,IL,60605,"Italian, Pizza, Sandwiches",pat'spizzeria
Heaven On Seven,600 N Michigan Ave,Chicago,IL,60611,"Cajun & Creole, Southern, Soul Food",heavenonseven
Pittsfield Cafe,55 E Washington St,Chicago,IL,60602,"Burgers, Sandwiches, Wraps",pittsfieldcafe
La Madia - A Contemporary Pizzeria,59 W Grand Ave,Chicago,IL,60610,"Italian, Pizza",lamadia-acontemporarypizzeria
Coco Restaurant & Lounge,2723 W Division St,Chicago,IL,60622,Caribbean,cocorestaurant&lounge
Firehouse Steak & Lemonade,100 W 87th St,Chicago,IL,60620,"Sandwiches, Wings, American",firehousesteak&lemonade
La Coco's Pizza & Pasta,3350 W 47th St,Chicago,IL,60632,"Italian, Burgers, Pizza",lacoco'spizza&pasta
Taco Joe's,3458 W 111th St,Chicago,IL,60655,Mexican,tacojoe's
Rocco Ranalli's,1925 N Lincoln Ave,Chicago,IL,60614,"Italian, Pizza, Sandwiches",roccoranalli's
Choi's Chinese Restaurant,2638 N Milwaukee Ave,Chicago,IL,60647,Chinese,choi'schineserestaurant
Pizza Hut,5020 W Cermak Rd,Cicero,IL,60804,Pizza,pizzahut
Fox's Beverly Pub,9956 S Western Ave,Chicago,IL,60643,"Deli Food, American",fox'sbeverlypub
Cheesie's Pub & Grub,958 W. Belmont Ave.,Chicago,IL,60657,"Sandwiches, Soups, American",cheesie'spub&grub
Usmania Fine Dining,2244 W Devon Ave,Chicago,IL,60659,"Chinese, Asian, Fine Dining",usmaniafinedining
China Star,4716 N Milwaukee Ave,Chicago,IL,60630,"Chinese, Noodles, Asian",chinastar
Chicken Inn,7536 North Milwaukee Avenue,Chicago,IL,60631,"Seafood, Chicken",chickeninn
"Red Snapper Fish, Chicken and Grill",2800 W Marquette Rd.,Chicago,IL,60629,"","redsnapperfish,chickenandgrill"
Sarpino's,1923 S Archer Ave,Chicago,IL,60616,"Italian, Pizza, Sandwiches",sarpino's
Sesame Inn,2941 W 95th St,Evergreen Park,IL,60805,"Chinese, Japanese, Sushi",sesameinn
The Rosebud,1500 W Taylor St,Chicago,IL,60607,Italian,therosebud
Uncle Joe's Jerk Chicken,10210 S Vincennes,Chicago,IL,60643,"Seafood, Caribbean, Wings",unclejoe'sjerkchicken
Captain Hooks Fish & Chicken,8550 S Cottage Grove Ave,Chicago,IL,60619,"Sandwiches, Seafood, Wings",captainhooksfish&chicken
Mississippi Rick,3351 South King Drive,Chicago,IL,60616,"Barbecue, Cajun & Creole",mississippirick
Margarita's Pizza,4138 W Armitage Ave,Chicago,IL,60639,"Barbecue, Italian, Pizza",margarita'spizza
Maxwell Street Station,6659 S Cicero Ave,Chicago,IL,60638,"Deli Food, American",maxwellstreetstation
T.G.I. Friday's,153 E Erie St,Chicago,IL,60611,American,t.g.i.friday's
Resto Pinoy,3536 W Lawrence Ave,Chicago,IL,60625,"Noodles, Asian, Healthy",restopinoy
JJ Fish & Chicken,7450 S King Dr,Chicago,IL,60619,"Italian, Seafood, Wings",jjfish&chicken
Kim Long Chinese Restaurant,5114 West Fullerton Avenue,Chicago,IL,60639,Chinese,kimlongchineserestaurant
El Chisme,3324 W 26th St,Chicago,IL,60623,Mexican,elchisme
Hong Kong,3904 N Cicero Ave,Chicago,IL,60641,"Chinese, Asian",hongkong
El Tarasco,4358 W 51st St,Chicago,IL,60632,Mexican,eltarasco
House Of Wings,2447 N Clark St,Chicago,IL,60614,"Deli Food, Sandwiches, Wings",houseofwings
Jimmy's Pizza Cafe,5159 N Lincoln Ave,Chicago,IL,60625,"Coffee & Tea, Pizza",jimmy'spizzacafe
Pearl's Palace,3901 South Michigan Avenue,Chicago,IL,60653,"Sandwiches, Lunch Specials",pearl'spalace
Coast Sushi Bar,2045 N Damen Ave,Chicago,IL,60647,"Japanese, Sushi",coastsushibar
House Of Wah Sun,4319 N Lincoln Ave,Chicago,IL,60618,"Chinese, Asian, Lunch Specials",houseofwahsun
Rene's Pizza,13801 S School St,Riverdale,IL,60827,"Deli Food, American",rene'spizza
Thai Bowl,1049 W Taylor St,Chicago,IL,60607,Thai,thaibowl
Chicago Pita Kitchen,13227 S Brainard Ave,Chicago,IL,60633,"Greek, Mediterranean, Middle Eastern",chicagopitakitchen
Michael's Pizzeria,4091 N Broadway St,Chicago,IL,60613,"Pizza, Sandwiches, Wings",michael'spizzeria
Pizano's Pizza,61 E Madison St,Chicago,IL,60603,"Italian, Pizza, Sandwiches",pizano'spizza
Reza's Restaurant - Ontario St,432 W Ontario St,Chicago,IL,60610,"Mediterranean, Seafood, Salads",reza'srestaurant-ontariost
Uncle Mike's Place,1700 W Grand Ave,Chicago,IL,60622,"American, Breakfast",unclemike'splace
Filippo's Ristorante & Bar,2211 N Clybourn Ave,Chicago,IL,60614,"Italian, Pasta",filippo'sristorante&bar
Pollo Express,1315 W 18th St,Chicago,IL,60608,Mexican,polloexpress
The Snail Thai Cuisine,1649 E 55th St,Chicago,IL,60615,"Thai, Asian",thesnailthaicuisine
Goodwin's,333 W Wacker Dr,Chicago,IL,60606,Sandwiches,goodwin's
Delhi Darbar Kabab House,3010 W Devon Ave,Chicago,IL,60659,"Indian, Grill",delhidarbarkababhouse
Iyanze,4623 N. Broadway,Chicago,IL,60640,African,iyanze
Takoz,2229 W Taylor St,Chicago,IL,60612,Mexican,takoz
Armand's Pizzeria,7650 W North Ave,Elmwood Park,IL,60707,"Pizza, Sandwiches, Pasta",armand'spizzeria
Caffe Rom,180 N Stetson Ave,Chicago,IL,60601,"Coffee & Tea, Sandwiches",cafferom
Janik's Cafe,2011 W Division St,Chicago,IL,60622,"Sandwiches, Salads, American",janik'scafe
Snappy's Shrimp House,1901 W Irving Park Rd,Chicago,IL,60613,Seafood,snappy'sshrimphouse
Leung's Chinese Restaurant,5713 W Irving Park Rd,Chicago,IL,60634,"Chinese, Asian",leung'schineserestaurant
Sicilia Bakery,5939 W. Lawrence,Chicago,IL,60630,"Italian, Bakery & Pastries, Pizza",siciliabakery
Athena Greek Restaurant,212 S Halsted St,Chicago,IL,60661,"Greek, Mediterranean",athenagreekrestaurant
Bourgeois Pig Cafe,738 W Fullerton Ave,Chicago,IL,60614,"Bakery & Pastries, Deli Food, Sandwiches",bourgeoispigcafe
China Delight,6618 W North Ave,Elmwood Park,IL,60707,Chinese,chinadelight
Yuki Hana,2920 N Clark St,Chicago,IL,60657,"Japanese, Sushi, Asian",yukihana
Yuki Hana,2920 N Clark St,Chicago,IL,60657,"Japanese, Sushi, Asian",yukihana
Lena's Pizza,4737 W 63rd St,Chicago,IL,60629,"Italian, Pizza, Sandwiches",lena'spizza
El Gordo Restaurant,5746 W Belmont Ave,Chicago,IL,60634,Mexican,elgordorestaurant
Marco's Beef & Pizza,6008 W Fullerton Ave,Chicago,IL,60639,"Pizza, Sandwiches, Wings",marco'sbeef&pizza
Bree Thai,5306 S Central Ave,Chicago,IL,60638,"Thai, Asian",breethai
El Guanaco Restaurant,1703 N Pulaski Rd,Chicago,IL,60639,Caribbean,elguanacorestaurant
Sorrento's Pizzeria On Harlem,2743 N Harlem Ave,Chicago,IL,60707,"Pizza, American",sorrento'spizzeriaonharlem
Silver Seafood Restaurant,4829 N Broadway St,Chicago,IL,60640,"Dim Sum, Seafood, Asian",silverseafoodrestaurant
Tecalitlan Restaurant,1814 W Chicago Ave,Chicago,IL,60622,Mexican,tecalitlanrestaurant
Hyde Park Gyros,1368 E 53rd St,Chicago,IL,60615,"Burgers, Hot Dogs, Gyros",hydeparkgyros
LuLu Belle's Pancake House,3819 Southport,Chicago,IL,60613,"Burgers, Sandwiches, Breakfast",lulubelle'spancakehouse
Sabor a Cafe,2435 W. Peterson Ave.,Chicago,IL,60659,"Seafood, Colombian, Kids Menu",saboracafe
Chicago Cheese Steak Company,7759 S Cicero Ave,Chicago,IL,60652,"Deli Food, American",chicagocheesesteakcompany
Camino Real Restaurant,4235 W 63rd St,Chicago,IL,60629,Mexican,caminorealrestaurant
Salerno's,1201 W Grand Ave,Chicago,IL,60642,"Italian, Pizza, Sandwiches",salerno's
Ms. Egg Roll #1,4513 N Sheridan Rd,Chicago,IL,60640,Chinese,ms.eggroll#1
Domino's Pizza,1234 S Canal St,Chicago,IL,60607,"Pizza, Wings, American",domino'spizza
Firehouse Grill,5646 W. Roosevelt Rd,Chicago,IL,60644,"Burgers, Sandwiches, Wings",firehousegrill
Mr. Beef & Pizza,3917 N Harlem Ave,Chicago,IL,60634,"Deli Food, Pizza, American",mr.beef&pizza
Trattoria Peppino,7440 W North Ave,Elmwood Park,IL,60707,Italian,trattoriapeppino
Cafe Central,1437 W Chicago Ave,Chicago,IL,60642,Puerto Rican,cafecentral
China House Restaurant,4901 W Diversey Ave,Chicago,IL,60639,Chinese,chinahouserestaurant
Los Caminos De Michoacan,3948 N Sheridan Rd,Chicago,IL,60613,Mexican,loscaminosdemichoacan
Honey 1 Bbq,2241 N Western Ave,Chicago,IL,60647,"Barbecue, Wings, Chicken",honey1bbq
Papa's Cache Sabroso,2517 W Division St,Chicago,IL,60622,Puerto Rican,papa'scachesabroso
Ali's BBQ,2657 W Devon Ave,Chicago,IL,60659,"Barbecue, Indian, American",ali'sbbq
Noodle Zone,5427 N Clark St,Chicago,IL,60640,"Japanese, Noodles, Thai",noodlezone
Chop Suey Loh,3825 S Archer Ave,Chicago,IL,60632,Chinese,chopsueyloh
Las Tablas Colombian Steakhouse,2942 N Lincoln Ave,Chicago,IL,60657,"Steak, Colombian, Latin American",lastablascolombiansteakhouse
Tio Luis Tacos,3856 S Archer Ave,Chicago,IL,60632,Mexican,tioluistacos
Sarpino's Pizzeria,1852 N Damen Ave,Chicago,IL,60647,Pizza,sarpino'spizzeria
Angelo's Stuffed Pizza,4850 South Pulaski Road,Chicago,IL,60632,Pizza,angelo'sstuffedpizza
Golden Thai,1509 W Taylor St,Chicago,IL,60607,"Noodles, Thai, Asian",goldenthai
El Chisme,5735 W Cermak Rd,Cicero,IL,60804,Mexican,elchisme
Geo's Pizza,2849 N Harlem Ave,Chicago,IL,60707,"Pizza, American",geo'spizza
Scoozi,410 W Huron St,Chicago,IL,60654,"Italian, Pizza",scoozi
El Chisme,4440 S Western Ave,Chicago,IL,60609,Mexican,elchisme
Triple Crown,211 W 22nd Pl,Chicago,IL,60616,"Chinese, Asian, Late Night",triplecrown
Sarpino's Pizzeria,158 W Division St,Chicago,IL,60610,"Italian, Pizza, Sandwiches",sarpino'spizzeria
Maravillas Restaurant,5506 S Lake Park Ave,Chicago,IL,60637,Mexican,maravillasrestaurant
Shrimp House,13081 S Ashland Ave,Calumet Park,IL,60827,"Sandwiches, Seafood, Wings",shrimphouse
Empire Restaurant,49 W Division St,Chicago,IL,60610,"Chinese, Seafood, Soups",empirerestaurant
Bahay Kubo,5750 N California,Chicago,IL,60659,"Chinese, Burgers, Pizza",bahaykubo
Ed Debevic's,640 N Wells St,Chicago,IL,60654,American,eddebevic's
J & J Fish & Chicken,26 W Adams St,Chicago,IL,60603,"Seafood, American",j&jfish&chicken
Jubilee Juice & Grill,140 N Halsted St,Chicago,IL,60661,"Burgers, Sandwiches, Salads",jubileejuice&grill
Punky's Pizza & Pasta,2600 S Wallace St,Chicago,IL,60616,"Italian, Burgers, Pizza",punky'spizza&pasta
Pegasus,130 S Halsted St,Chicago,IL,60661,Greek,pegasus
Giordano's,1040 W Belmont Ave,Chicago,IL,60657,"Pizza, American",giordano's
Naty's Pizza,3849 W 26th St,Chicago,IL,60623,"Deli Food, American",naty'spizza
Luke's On Harlem,3130 N Harlem Ave,Chicago,IL,60634,"Burgers, Pizza, Sandwiches",luke'sonharlem
John's Pizzeria,2104 N Western Ave,Chicago,IL,60647,"Pizza, Sandwiches, Wings",john'spizzeria
Angela's Burrito Style,2556 N Clark St,Chicago,IL,60614,"Mexican, Breakfast",angela'sburritostyle
Pizza Hut,2337 W Cermak Rd,Chicago,IL,60608,Pizza,pizzahut
Fin Sushi Bar,1742 W. Wilson Ave.,Chicago,IL,60640,"Japanese, Sushi, Asian",finsushibar
Leona's,1236 E 53rd St,Chicago,IL,60615,"Italian, Burgers, Pizza",leona's
Tiparos,1540 N Clark St,Chicago,IL,60610,"Noodles, Thai, Asian",tiparos
Bub's Gyros,5800 W Irving Park Rd,Chicago,IL,60634,"Burgers, Sandwiches, American",bub'sgyros
Tedino's Pizzeria & Restaurant,5335 N Sheridan Rd,Chicago,IL,60640,"Italian, Burgers, Pizza",tedino'spizzeria&restaurant
Sharks Fish & Chicken,420 S Clark St,Chicago,IL,60605,"Seafood, Wings, Chicken",sharksfish&chicken
The Original Old World Pizza,7230 W North Ave,Elmwood Park,IL,60707,"Pizza, American",theoriginaloldworldpizza
Mug's Pizza & Ribs,7228 N Harlem Ave,Chicago,IL,60631,"Pizza, American",mug'spizza&ribs
Gracie's Lucky Burrito,5430 W 127th St,Alsip,IL,60803,Mexican,gracie'sluckyburrito
Barnelli's Pasta Bowl,100 W Ontario St,Chicago,IL,60654,"Diner, American",barnelli'spastabowl
More Cupcakes,1 E Delaware Pl,Chicago,IL,60611,"Bakery & Pastries, American",morecupcakes
Sizzlin Skillets,8635 S Cottage Grove Ave,Chicago,IL,60619,"Sandwiches, Wraps, American",sizzlinskillets
Sun Eng's Chinese Restaurant,4734 N Harlem Ave,Harwood Heights,IL,60706,"Chinese, Seafood, Soups",suneng'schineserestaurant
La Villa Restaurant,3638 N Pulaski Rd,Chicago,IL,60641,"Italian, Pizza, Sandwiches",lavillarestaurant
Mirai Sushi,2020 W Division St,Chicago,IL,60622,"Japanese, Sushi, Seafood",miraisushi
Nuevo Leon Restaurant Y Taqueria,3657 W 26th St,Chicago,IL,60623,Mexican,nuevoleonrestaurantytaqueria
Primo Pizza,5600 N Clark St,Chicago,IL,60660,"Italian, Pizza, Sandwiches",primopizza
Chop Suey Huang,5202 N Lincoln Ave,Chicago,IL,60625,Chinese,chopsueyhuang
Dylans Tavern & Grill,118 S Clinton St,Chicago,IL,60661,"Burgers, Pub Food, Sandwiches",dylanstavern&grill
Tatsu,1062 W Taylor St,Chicago,IL,60607,"Sushi, Asian",tatsu
Frank's Pizzeria,6506 W Belmont Ave,Chicago,IL,60634,"Pizza, Chicken, Pasta",frank'spizzeria
New Jeanny's Chinese Restaurant,1053 W Belmont Ave,Chicago,IL,60657,"Chinese, Noodles, Asian",newjeanny'schineserestaurant
Pizzaco's Italian Eatery,3605 N Ashland Ave,Chicago,IL,60613,"Italian, Pizza, Sandwiches",pizzaco'sitalianeatery
Ethiopian Diamond Restaurant & Lounge,6120 N Broadway St,Chicago,IL,60660,"Vegetarian, African, Healthy",ethiopiandiamondrestaurant&lounge
Eastern Style Pizza,2911 W Touhy Ave,Chicago,IL,60645,"Diner, American",easternstylepizza
Dos Diablos,15 W Hubbard,Chicago,IL,60654,"Mexican, Soups, Salads",dosdiablos
Yassa African Restaurant,716 E 79th St,Chicago,IL,60619,African,yassaafricanrestaurant
Hala In,4624 W Lawrence Ave,Chicago,IL,60630,"Mediterranean, Middle Eastern, Sandwiches",halain
Joy Yee's Noodles,2139 S China Pl,Chicago,IL,60616,"Chinese, Noodles, Asian",joyyee'snoodles
Pie Hole,3477 N Broadway St,Chicago,IL,60657,"Pizza, American",piehole
Ricobene's,5160 S Pulaski Rd,Chicago,IL,60632,"Deli Food, American",ricobene's
Bobak Sausage Company,5275 S Archer Ave,Chicago,IL,60632,Polish,bobaksausagecompany
Buffalo Wings and Rings,3434 S. Halsted,Chicago,IL,60608,"Burgers, Sandwiches, Wings",buffalowingsandrings
Pequod's Pizza,2207 N Clybourn Ave,Chicago,IL,60614,"Pizza, American",pequod'spizza
Guy's Pizzeria,4107 W North Ave,Chicago,IL,60639,"Burgers, Pizza, Sandwiches",guy'spizzeria
Wing Wah Chinese Restaurant,3222 N Harlem Ave,Chicago,IL,60634,Chinese,wingwahchineserestaurant
Primos Chicago Pizza,816 W Van Buren St,Chicago,IL,60607,"Italian, Pizza, Sandwiches",primoschicagopizza
Just Turkey,4353 S Cottage Grove,Chicago,IL,60653,"Barbecue, Burgers, American",justturkey
Chubby's Pizza II,2544 S Western Ave,Chicago,IL,60608,"Diner, American",chubby'spizzaii
Shawarma Inn,5523 N. Lincoln Ave.,Chicago,IL,60625,Mediterranean,shawarmainn
Cocina Tarascas,2585 N Clark St,Chicago,IL,60614,"Mexican, Caribbean",cocinatarascas
Vinnies Sub Shop,1204 W Grand Ave,Chicago,IL,60642,"Deli Food, Sandwiches, American",vinniessubshop
Dragonlady Lounge,3188 N. Elston Ave.,Chicago,IL,60618,"Burgers, Wings, Vegan",dragonladylounge
Oberweis Dairy,3152 W 95th St,Evergreen Park,IL,60805,"Ice Cream, American",oberweisdairy
Leona's,9156 S Stony Island Ave,Chicago,IL,60617,"Italian, Burgers, Pizza",leona's
Mama Mia Chicago Pizza,3131 N. Central Ave,Chicago,IL,60634,"Pizza, Sandwiches, Pasta",mamamiachicagopizza
Honey's to Go Soulfood,5410 S Wentworth Ave,Chicago,IL,60609,"",honey'stogosoulfood
New York Deli,2921 N Clark St,Chicago,IL,60657,"Deli Food, American",newyorkdeli
Damenzo's Pizza & Restaurant,2324 W Taylor St,Chicago,IL,60612,"Pizza, Pasta",damenzo'spizza&restaurant
Palermo's Pizza & Restaurant,3751 W 63rd St,Chicago,IL,60629,"Italian, Pizza",palermo'spizza&restaurant
Dragon Boat Chinese Restaurant,5754 W Belmont Ave,Chicago,IL,60634,"Chinese, Japanese, Sushi",dragonboatchineserestaurant
Angelo's Pizza Restaurant,3026 W Montrose Ave,Chicago,IL,60618,"Italian, Mexican, Diner",angelo'spizzarestaurant
Eat a Pita,3155 N Halsted St,Chicago,IL,60657,"Pitas, American",eatapita
Rex Italian Foods,4431 N Harlem Ave,Norridge,IL,60706,"Italian, Pizza, Sandwiches",rexitalianfoods
Simply Soup Salad and Sandwiches,635 E 47th St,Chicago,IL,60653,"Sandwiches, Wraps, Salads",simplysoupsaladandsandwiches
El Palmar Mexican Restaurant,1008 W Irving Park Rd,Chicago,IL,60613,"Mexican, Sandwiches, Breakfast",elpalmarmexicanrestaurant
Eat First #1,3337 W Belmont Ave,Chicago,IL,60618,"Chinese, Noodles, Seafood",eatfirst#1
"Red Snapper Fish, Chicken and Grill",400 East 83rd St,Chicago,IL,60619,"","redsnapperfish,chickenandgrill"
New Fue City,6954 W North Ave,Chicago,IL,60707,"Chinese, Asian",newfuecity
Tacos Mario's,4540 W 63rd St,Chicago,IL,60629,Mexican,tacosmario's
Grande Noodles & Sushi Bar,6632 N Clark St,Chicago,IL,60626,"Japanese, Sushi, Noodles",grandenoodles&sushibar
Excelsior Garden,4855 N Milwaukee Ave,Chicago,IL,60630,Chinese,excelsiorgarden
Mr. Gyros,109 W Division St,Chicago,IL,60610,Greek,mr.gyros
Papajin Chinese & Sushi Bar,1551 N Milwaukee Ave,Chicago,IL,60622,"Chinese, Japanese, Sushi",papajinchinese&sushibar
Happiness,3313 S Halsted St,Chicago,IL,60608,Chinese,happiness
The Nile Restaurant,3259 W 63rd St,Chicago,IL,60629,"Egyptian, Middle Eastern",thenilerestaurant
El Azteca,5011 W Fullerton Ave,Chicago,IL,60639,"Mexican, Breakfast",elazteca
Pizzeria Calzone,5858 N Lincoln Ave,Chicago,IL,60659,"Deli Food, American",pizzeriacalzone
Joy Yee To Go,1465 W Irving Park,Chicago,IL,60613,"Chinese, Noodles, Asian",joyyeetogo
Green Tea Japanese Restaurant,2206 N Clark St,Chicago,IL,60614,"Japanese, Sushi, Salads",greenteajapaneserestaurant
Lahore Food & Grill,2116 W Devon Ave,Chicago,IL,60659,"Indian, Late Night",lahorefood&grill
Hiro's Cafe,2936 N Broadway St,Chicago,IL,60657,"Japanese, Sushi",hiro'scafe
The Shrimp Shack,6658 W Archer Ave,Chicago,IL,60638,"Southern, Deli Food, Seafood",theshrimpshack
Hoa My Chinese Restaurant,8528 W Lawrence Ave,Harwood Heights,IL,60706,Chinese,hoamychineserestaurant
Annetti's Pizzeria,4950 N Cumberland Ave,Norridge,IL,60706,Italian,annetti'spizzeria
Cafe Sushi,1342 N Wells St,Chicago,IL,60610,"Japanese, Sushi, Asian",cafesushi
Al's Pizza,6344 W Irving Park Rd,Chicago,IL,60634,"Italian, Pizza, Sandwiches",al'spizza
China Spring Chinese Restaurant,7005 N Clark St,Chicago,IL,60626,Chinese,chinaspringchineserestaurant
Manny's Coffee Shop & Deli,1141 S Jefferson St,Chicago,IL,60607,"Deli Food, Sandwiches, Wraps",manny'scoffeeshop&deli
Choppers,1659 N Ashland Ave,Chicago,IL,60622,"Burgers, Ice Cream, Sandwiches",choppers
Sarpinos Pizzeria,627 W Lake St ,Chicago,IL,60661,"Italian, Pizza, Sandwiches",sarpinospizzeria
Smokin' Woody's BBQ,4160 N Lincoln Ave,Chicago,IL,60618,"Barbecue, Soups, American",smokin'woody'sbbq
Los Chilaquiles,5735 W 16th St,Cicero,IL,60804,"Mexican, Wraps, Vegetarian",loschilaquiles
Churro Factory,2214 S Wolcott,Chicago,IL,60608,Mexican,churrofactory
Jess Cafe,5819 W Belmont Ave,Chicago,IL,60634,"Chinese, Asian, Mandarin",jesscafe
Jamaican Jerk Spice ,6500 S. Cottage Grove Ave,Chicago,IL,60637,"Jamaican, Caribbean, Chicken",jamaicanjerkspice
Las Cazuelas Grill,4720 S Pulaski Rd,Chicago,IL,60632,Mexican,lascazuelasgrill
The Famous Taco Burrito King,3603 N Western Ave,Chicago,IL,60618,Mexican,thefamoustacoburritoking
Kyoto Sushi Restaurant,2534 N Lincoln Ave,Chicago,IL,60614,"Japanese, Sushi, Asian",kyotosushirestaurant
The Famous Taco Burrito King # 1,2817 W Irving Park Rd,Chicago,IL,60618,Mexican,thefamoustacoburritoking#1
Serena Restaurant,2309-11 W Devon Ave,Chicago,IL,60659,Indian,serenarestaurant
Festa Pizzeria,3525 W Fullerton Ave,Chicago,IL,60647,"Pizza, Sandwiches, Pasta",festapizzeria
Plenty Chinese Restaurant,2002 W Montrose Ave,Chicago,IL,60618,"Chinese, Noodles, Asian",plentychineserestaurant
Brian's Juice Bar And Deli,80 E Lake St,Chicago,IL,60601,"Middle Eastern, Deli Food, Sandwiches",brian'sjuicebaranddeli
Senor Pan,4612 W Fullerton,Chicago,IL,60645,"Cuban, Sandwiches",senorpan
J B Alberto's,1326 W Morse Ave,Chicago,IL,60626,"Pizza, Sandwiches, Wings",jbalberto's
Food Xpress aka Shores Xpress,3851 S. Michigan,Chicago,IL,60653,"Barbecue, Noodles, Italian",foodxpressakashoresxpress
Dino's Restaurant,7004 W Higgins Ave,Chicago,IL,60656,"Italian, Pizza, Chicken",dino'srestaurant
Lee's Wok,5808 W North Ave,Chicago,IL,60639,"Chinese, Asian",lee'swok
Harold's Chicken Shack #42,1132 W Wilson,Chicago,IL,60640,"Seafood, Wings, Chicken",harold'schickenshack#42
Ben's Noodles & Rice,1139 W Bryn Mawr Ave,Chicago,IL,60660,"Noodles, Thai, Asian",ben'snoodles&rice
Oggi Trattoria,1378 W Grand Ave,Chicago,IL,60642,"Italian, Pizza, Sandwiches",oggitrattoria
China Dragon,6214 N Western Ave,Chicago,IL,60659,"Chinese, Asian",chinadragon
Miller Pizza Co.,17 W 35th St,Chicago,IL,60609,"Italian, Pizza, Pasta",millerpizzaco.
Bistro Pacific,680 N Lake Shore Dr,Chicago,IL,60611,"Japanese, Sushi",bistropacific
King Sweets,2308 W Devon Ave,Chicago,IL,60659,"Indian, Breakfast",kingsweets
Good To Go Jamaican Cuisine,1947 W Howard St,Chicago,IL,60626,"Jamaican, Seafood, Chicken",goodtogojamaicancuisine
Durbin's,10240 S. Kedzie,Evergreen Park,IL,60805,"Burgers, Pizza, Sandwiches",durbin's
Maxwell Grill,6339 N California Ave,Chicago,IL,60659,"Greek, Italian, Burgers",maxwellgrill
Lee's Chop Suey,2415 W Diversey Ave,Chicago,IL,60647,"Chinese, Asian, Cantonese",lee'schopsuey
Pizzeria Aroma,1125 W Berwyn Ave,Chicago,IL,60640,"Italian, Burgers, Pizza",pizzeriaaroma
Gaudi Cafe,624 N Ashland,Chicago,IL,60622,"Spanish, Mexican, Burgers",gaudicafe
La Chilangueada Restaurant & Taqueria,5131 W Fullerton Ave,Chicago,IL,60639,"Mexican, Sandwiches, Soups",lachilangueadarestaurant&taqueria
El Pollo Feliz,7025 S Pulaski,Chicago,IL,60629,"Steak, Chicken, Breakfast",elpollofeliz
Pars Cove,435 W Diversey Pkwy,Chicago,IL,60614,Middle Eastern,parscove
Sky Chop Suey,8616 S Kedzie Ave,Chicago,IL,60652,"Chinese, Seafood, Soups",skychopsuey
Noon O Kabab,4661 N Kedzie Ave,Chicago,IL,60625,"Middle Eastern, Persian",noonokabab
Leona's,11060 S Western Ave,Chicago,IL,60643,"Italian, Burgers, Pizza",leona's
Parkside Gyros,7355 N Clark St,Chicago,IL,60626,"Deli Food, American",parksidegyros
Lin's Garden Chinese Restaurant,3306 W Fullerton Ave,Chicago,IL,60647,"Chinese, Asian",lin'sgardenchineserestaurant
Duff's Dogs,4835 N Austin Ave,Chicago,IL,60630,"Burgers, Sandwiches, American",duff'sdogs
Pizza Hut,1601 N Western Ave,Chicago,IL,60647,Pizza,pizzahut
Gold Coast Dogs,159 N Wabash Ave,Chicago,IL,60601,"Burgers, Sandwiches, American",goldcoastdogs
Leona's,6935 N Sheridan Rd,Chicago,IL,60626,"Italian, Burgers, Pizza",leona's
Plazzio's Pizza,1901 N Western Ave,Chicago,IL,60647,"Italian, Pizza, Sandwiches",plazzio'spizza
El Chorito Taqueria,6404 North Clark Street,Chicago,IL,60626,Mexican,elchoritotaqueria
Maria's Mexican Restaurant,1905 N Harlem Ave,Chicago,IL,60707,Mexican,maria'smexicanrestaurant
Zad,3112 N Broadway St,Chicago,IL,60657,Middle Eastern,zad
Tanelli's Chicago Style Pizza,7065 W Belmont,Chicago,IL,60634,"Italian, Pizza, Sandwiches",tanelli'schicagostylepizza
Ben's Noodles And Rice,139 W Bryn Mawr Ave,Chicago,IL,60659,Thai,ben'snoodlesandrice
Dona Naty's Tacos,1815 W Chicago Ave,Chicago,IL,60622,Mexican,donanaty'stacos
Villa Rosa,5345 W Devon Ave,Chicago,IL,60646,"Italian, Pizza, Pasta",villarosa
El Guanaco Restaurant # 1,3802 W Diversey Ave,Chicago,IL,60647,"Caribbean, Colombian, El Salvadoran",elguanacorestaurant#1
Naty's Pizza #2,1757 W Chicago Ave,Chicago,IL,60622,"Pizza, Sandwiches, Pasta",naty'spizza#2
Seashell Restaurant #3,1600 W 59th ,Chicago,IL,60636,"Sandwiches, Chicken",seashellrestaurant#3
Panino's Pizzeria,3702 N Broadway St,Chicago,IL,60613,"Italian, Pizza, Sandwiches",panino'spizzeria
La Trucha Arcoiris,4622 S Kedzie,Chicago,IL,60632,"Mexican, Breakfast",latruchaarcoiris
Freshii,835 N Michigan Ave,Chicago,IL,60611,"Soups, Wraps, Salads",freshii
Elias' Tacos,5249 S Kedzie Ave,Chicago,IL,60632,"Mexican, Seafood",elias'tacos
Rosebud Theater District,70 W Madison St,Chicago,IL,60602,Italian,rosebudtheaterdistrict
Philly's Best,769 W Jackson Blvd,Chicago,IL,60661,"Diner, American",philly'sbest
The Art Of Pizza,3033 N Ashland Ave,Chicago,IL,60657,"Barbecue, Pizza, Sandwiches",theartofpizza
Thai Avenue Rice & Noodles,4949 N Broadway St,Chicago,IL,60640,Thai,thaiavenuerice&noodles
Maggiano's Little Italy,516 N CLARK ST.,Chicago,IL,60610,Italian,maggiano'slittleitaly
Fat Willy's Rib Shack,2416 W Schubert Ave,Chicago,IL,60647,"Barbecue, Sandwiches, American",fatwilly'sribshack
Carmela's Taqueria,1206 W Lawrence Ave,Chicago,IL,60640,Mexican,carmela'staqueria
El Jerezano,5037 W Diversey,Chicago,IL,60639,"Mexican, Seafood, Breakfast",eljerezano
Courtway Restaurant,29 S. LaSalle,Chicago,IL,60603,"Sandwiches, Wraps, Salads",courtwayrestaurant
Nathan's Chicago Style,1372 E 53rd St,Chicago,IL,60615,"Sandwiches, Chicken, Desserts",nathan'schicagostyle
Grandaddy's Subs,2343 W Taylor St,Chicago,IL,60612,"Burgers, Sandwiches, Salads",grandaddy'ssubs
Siam Noodle & 'rice,4654 N Sheridan Rd,Chicago,IL,60640,Thai,siamnoodle&'rice
Taqueria El Primo ,4317 N. Elston Ave.,Chicago,IL,60641,"Mexican, Breakfast",taqueriaelprimo
Moon's Sandwich Shop,16 S Western,Chicago,IL,60612,"Sandwiches, Breakfast",moon'ssandwichshop
Satay,936 W Diversey Pkwy,Chicago,IL,60614,"Chinese, Japanese, Sushi",satay
Palermo Italian Restaurant & Pizzeria,3751 W 63rd Pl,Chicago,IL,60629,"Italian, Pizza, American",palermoitalianrestaurant&pizzeria
Byron's,1701 W Lawrence Ave,Chicago,IL,60640,"Barbecue, Burgers, Sandwiches",byron's
Gold Coast Pizza Company,11 W Division St,Chicago,IL,60610,"Pizza, Late Night",goldcoastpizzacompany
Domino's Pizza,4608 W Fullerton Ave,Chicago,IL,60639,"Pizza, Wings, American",domino'spizza
Sushi Mura,3647 N Southport Ave,Chicago,IL,60613,"Japanese, Sushi, Seafood",sushimura
El Souk,808 N State St ,Chicago,IL,60610,"Mediterranean, Middle Eastern, Sandwiches",elsouk
Chop Suey Express,5160 S Pulaski Rd,Chicago,IL,60632,Chinese,chopsueyexpress
Borinquen Restaurant,1720 N California Ave,Chicago,IL,60647,Puerto Rican,borinquenrestaurant
Cuscatleco Pupuseria Y Restaurante,3125 W Lawrence Ave Ste 1,Chicago,IL,60625,"El Salvadoran, Guatemalan",cuscatlecopupuseriayrestaurante
Villa Napoli,8546 W Lawrence Ave,Norridge,IL,60706,"Italian, Pizza, Sandwiches",villanapoli
Leafy Greens,2468 N. Clark St,Chicago,IL,60614,"Sandwiches, Salads, American",leafygreens
Furama Restaurant,4936 N Broadway St,Chicago,IL,60640,"Chinese, Dim Sum, Asian",furamarestaurant
Pete's Pizza #2,5847 W Montrose Ave,Chicago,IL,60634,Pizza,pete'spizza#2
Seashell Restaurant #1,7131 S Jeffery Blvd.,Chicago,IL,60649,"Sandwiches, Chicken",seashellrestaurant#1
Giordano's,2010 W Montrose Ave,Chicago,IL,60618,"Pizza, American",giordano's
Bari Foods,1120 W Grand Ave,Chicago,IL,60642,Deli Food,barifoods
Young's Chinese Restaurant,3949 N Ashland Ave,Chicago,IL,60613,"Chinese, Asian, Cantonese",young'schineserestaurant
Giordano's,5159 S Pulaski Rd,Chicago,IL,60632,"Pizza, American",giordano's
Lou Malnati's Pizza,1120 N State St,Chicago,IL,60610,Pizza,loumalnati'spizza
Flub a Dub Chub's,3021 N Broadway St,Chicago,IL,60657,"Burgers, Hot Dogs",flubadubchub's
Udupi Palace,2543 W Devon Ave,Chicago,IL,60659,"Indian, Vegetarian, Healthy",udupipalace
Siam Cafe Thai Restaurant,4712 N Sheridan Rd,Chicago,IL,60640,"Thai, Asian",siamcafethairestaurant
Azteca,5421 N Lincoln Ave,Chicago,IL,60625,Mexican,azteca
Brown's Chicken,151 N Michigan Ave,Chicago,IL,60602,"Chicken, American",brown'schicken
Delux,669 N Milwaukee Ave,Chicago,IL,60622,"Pizza, Sandwiches, American",delux
Mark's Chop Suey On Halsted,3343 N Halsted St,Chicago,IL,60657,Chinese,mark'schopsueyonhalsted
Wok N Roll,1408 E 53rd St,Chicago,IL,60615,Chinese,woknroll
Rainbow Cuisine,4825 N Western Ave,Chicago,IL,60625,"Thai, Asian, Lunch Specials",rainbowcuisine
Chopstick Express,7230 N Harlem Ave,Chicago,IL,60631,"Chinese, Asian",chopstickexpress
China Kitchen,1931 W Foster Ave,Chicago,IL,60640,"Chinese, Asian, Lunch Specials",chinakitchen
Cafe Trinidad,555 E 75th St,Chicago,IL,60619,"Caribbean, Soul Food, Vegetarian",cafetrinidad
Dawali Mediterranean Kitchen,1625 N Halsted,Chicago,IL,60614,"Mediterranean, Sandwiches",dawalimediterraneankitchen
Lins Mandarin Restaurant,5050 N Cumberland Ave,Norridge,IL,60706,"Chinese, Asian",linsmandarinrestaurant
Amato's Pizzeria,953 W Willow St,Chicago,IL,60614,"Italian, Pizza, Sandwiches",amato'spizzeria
Ceres Cafe,141 W Jackson Blvd,Chicago,IL,60604,"Pub Food, Sandwiches, Salads",cerescafe
Coluta's Pizza On Diversey,4946 W Diversey Ave,Chicago,IL,60639,"Italian, Pizza, Sandwiches",coluta'spizzaondiversey
Bravo's Pizza & Taqueria,4419 W Fullerton Ave,Chicago,IL,60639,"Mexican, Pizza, Sandwiches",bravo'spizza&taqueria
Central Gyros,3129 N Central Ave,Chicago,IL,60634,"Greek, Mediterranean, Gyros",centralgyros
Burrito Joint,3947 W Fullerton Ave,Chicago,IL,60647,"Mexican, Sandwiches, Breakfast",burritojoint
Opera,1301 S Wabash Ave,Chicago,IL,60605,Chinese,opera
New Tokyo,3139 N Broadway St,Chicago,IL,60657,"Japanese, Sushi, Asian",newtokyo
Vince's - The Pizza People,4317 N Milwaukee Ave,Chicago,IL,60641,"Pizza, American",vince's-thepizzapeople
Jason's Wok,1014 S Western Ave,Chicago,IL,60612,"Chinese, Asian",jason'swok
Duck Walk (Fullerton),1217 W. Fullerton Ave.,Chicago,IL,60614,"Noodles, Thai, Asian",duckwalk(fullerton)
Sarpino's Pizzeria,1149 West Diversey Parkway,Chicago,IL,60614,"Italian, Pizza, Sandwiches",sarpino'spizzeria
China Express,4640 N Cumberland Ave,Chicago,IL,60656,Chinese,chinaexpress
China King Restaurant,7320 W Lawrence Ave,Harwood Heights,IL,60706,Chinese,chinakingrestaurant
Pitabelly,807 W Roosevelt,Chicago,IL,60608,"Mediterranean, Sandwiches",pitabelly
Capi's Italian Kitchen Ste 136,700 E Grand Ave,Chicago,IL,60611,Italian,capi'sitaliankitchenste136
Thai Bowl (Lincoln),2410 N. Lincoln Ave.,Chicago,IL,60614,"Noodles, Thai, Asian",thaibowl(lincoln)
Chicagoland Pizza & Pasta,5620 S Pulaski Rd,Chicago,IL,60629,"Italian, Pizza, Sandwiches",chicagolandpizza&pasta
Giordano's,5927 W Irving Park Rd,Chicago,IL,60634,"Italian, Pizza, American",giordano's
Burrito Beach,200 E Ohio St,Chicago,IL,60611,American,burritobeach
Cheng's Chopsticks,3045 W Armitage Ave,Chicago,IL,60647,"",cheng'schopsticks
China Station,2411 W North Ave,Chicago,IL,60647,"Chinese, Asian, Mandarin",chinastation
Hunan Egg Roll King,4204 N Broadway St,Chicago,IL,60613,"Chinese, Asian",hunaneggrollking
Daata Darbar,2306 W Devon Ave,Chicago,IL,60659,"Barbecue, Indian, Vegetarian",daatadarbar
Taylor Made Pizza,1220 W Taylor St,Chicago,IL,60607,"Italian, Burgers, Pizza",taylormadepizza
Tortas La Baguette,3117 W 26th St,Chicago,IL,60623,Mexican,tortaslabaguette
Sixty-five Chinese Restaurant & Bakery,201 W Madison St,Chicago,IL,60606,"Chinese, Asian",sixty-fivechineserestaurant&bakery
Kabuki,2473 N Clark St,Chicago,IL,60614,"Japanese, Sushi, Asian",kabuki
Harmony Restaurant,6525 W Archer Ave,Chicago,IL,60638,"Chinese, Sushi, Noodles",harmonyrestaurant
Nile Restaurant,1611 E 55th St,Chicago,IL,60615,"Middle Eastern, Seafood",nilerestaurant
Papa John's Pizza,5359 N Broadway St,Chicago,IL,60640,"Pizza, American",papajohn'spizza
Guerrero's Pizza,2024 S California Ave,Chicago,IL,60608,Pizza,guerrero'spizza
Kiko's Market & Restaurant,5077 N Lincoln Ave,Chicago,IL,60625,"Russian, Ukrainian, French",kiko'smarket&restaurant
Siam Pasta Thai Cuisine,7416 N Western Ave,Chicago,IL,60645,"Noodles, Thai, Asian",siampastathaicuisine
House Of Fortune,2407 S Wentworth Ave,Chicago,IL,60616,"Chinese, Asian",houseoffortune
Summer,1123 W Granville Ave,Chicago,IL,60660,"Noodles, Thai, Asian",summer
Dosirak,1514 W Taylor,Chicago,IL,60607,"Korean, Asian",dosirak
#1 Chop Suey,4307 W Irving Park Rd,Chicago,IL,60641,"Chinese, Asian, Cantonese",#1chopsuey
China Chef,4600 W Belmont Ave,Chicago,IL,60641,"Chinese, Asian, Lunch Specials",chinachef
Kowloon Restaurant,7403 W Irving Park Rd,Chicago,IL,60634,"Chinese, Asian, Lunch Specials",kowloonrestaurant
Soriano's Pizza,7242 W Touhy Ave,Chicago,IL,60631,"Italian, Pizza, Sandwiches",soriano'spizza
Marie's Pizzeria & Liqours,4129 W Lawrence Ave,Chicago,IL,60630,"Italian, Pizza, Sandwiches",marie'spizzeria&liqours
Brett's Kitchen,233 W Superior St,Chicago,IL,60654,"Sandwiches, American",brett'skitchen
Mi Tierra Mexican Restaurant,1039 W Belmont Ave,Chicago,IL,60657,Mexican,mitierramexicanrestaurant
Kabul House Express,2262 W. Devon Ave.,Chicago,IL,60659,"Mediterranean, Middle Eastern, Halal",kabulhouseexpress
El Famous Burrito,901 W. Madison St.,Chicago,IL,60607,"Mexican, Late Night",elfamousburrito
Penny's Noodle Shop,950 W Diversey Pkwy,Chicago,IL,60614,Noodles,penny'snoodleshop
Lantern Chinese Restaurant,1046 W Argyle St,Chicago,IL,60640,"Chinese, Asian",lanternchineserestaurant
Grand China Express,1129 W Thorndale Ave,Chicago,IL,60660,"Chinese, Asian, Lunch Specials",grandchinaexpress
Golden Bear,12001 S. Cicero Ave,Alsip,IL,60803,"Burgers, Sandwiches, Salads",goldenbear
Jia's,2545 N Halsted St,Chicago,IL,60614,"Chinese, Sushi, Soups",jia's
Butch McGuire's,20 W Division St,Chicago,IL,60610,"Burgers, Sandwiches, American",butchmcguire's
Chuck's Pizza And Restaurant,10123 S Western Ave,Chicago,IL,60643,"Wings, Pitas, Pasta",chuck'spizzaandrestaurant
Waldo Cooney's Pizza,2640 W 51st St,Chicago,IL,60632,"Pizza, American",waldocooney'spizza
El Pueblito,6712 N Clark St,Chicago,IL,60626,Mexican,elpueblito
Fattoush Restaurant,2652 N Halsted St,Chicago,IL,60614,"Mediterranean, Middle Eastern, Lebanese",fattoushrestaurant
Chicago's Home of Chicken and Waffles,3947 S King Dr,Chicago,IL,60653,"Southern, American",chicago'shomeofchickenandwaffles
Denni's Pizza,4030 W 26th St,Chicago,IL,60623,"Deli Food, American",denni'spizza
Freshii Palmer House,17 E Monroe,Chicago,IL,60603,"Mexican, Sandwiches, Wraps",freshiipalmerhouse
Little Wok,103 E 51st St,Chicago,IL,60615,"Chinese, Thai, Asian",littlewok
Sammy's Red Hots,238 W Division St,Chicago,IL,60610,"Burgers, Sandwiches, Seafood",sammy'sredhots
Super Pollo & Taqueria,4614 W Diversey Ave,Chicago,IL,60639,Mexican,superpollo&taqueria
Manee Thai,3558 N Pulaski Rd,Chicago,IL,60641,"Noodles, Thai, Asian",maneethai
90 Miles Cuban Cafe,2540 W. Armitage Ave,Chicago,IL,60647,"Cuban, Sandwiches, Breakfast",90milescubancafe
Twins Gyros,4870 N Harlem Ave,Harwood Heights,IL,60706,"Greek, Mediterranean, Sandwiches",twinsgyros
Wing Chong Chinese Restaurant,4077 N Elston Ave,Chicago,IL,60618,Chinese,wingchongchineserestaurant
Metropolis Rotisseria,924 W Armitage Ave,Chicago,IL,60614,"Italian, Deli Food",metropolisrotisseria
Papa Joe's Pizza,5750 N Milwaukee Ave,Chicago,IL,60646,"Deli Food, Pizza, American",papajoe'spizza
Peking Chinese Food,129 W North Ave,Chicago,IL,60610,"Chinese, Asian",pekingchinesefood
Sticky Rice,4018 N Western Ave,Chicago,IL,60618,Thai,stickyrice
Peking Chinese Kitchen,3167 N Halsted St,Chicago,IL,60657,"Chinese, Asian, Cantonese",pekingchinesekitchen
Al's Pizza,8530 W Lawrence Ave,Harwood Heights,IL,60706,"Italian, Pizza, Sandwiches",al'spizza
Village Pizza,2356 W Chicago Ave,Chicago,IL,60622,"Italian, Pizza, Sandwiches",villagepizza
WestEnd Bar & Grill,1326 W Madison,Chicago,IL,60607,"Pizza, Sandwiches, American",westendbar&grill
Suparossa,4256 N Central Ave,Chicago,IL,60634,"Italian, Pizza, Pasta",suparossa
Thai Aroma,4142 N Broadway St,Chicago,IL,60613,"Noodles, Thai, Asian",thaiaroma
Afghan Kabob,4040 W Montrose Ave ,Chicago,IL,60641,Middle Eastern,afghankabob
Wing Wah Lau,4340 S Archer Ave,Chicago,IL,60632,"Chinese, Noodles, Asian",wingwahlau
See Thru Chinese Kitchen,10939 S Western Ave,Chicago,IL,60643,Chinese,seethruchinesekitchen
Output Wings & Burgers,1758 W. Grand,Chicago,IL,60622,"Sandwiches, Wraps, Salads",outputwings&burgers
Mei Shung Restaurant,5511 N Broadway St,Chicago,IL,60640,"Chinese, Asian, Lunch Specials",meishungrestaurant
di Caputo's Pizzeria,7543 W Montrose,Norridge,IL,60706,"Italian, Pizza, Sandwiches",dicaputo'spizzeria
Standing Room Only,610 S Dearborn St,Chicago,IL,60605,"Barbecue, Burgers, Sandwiches",standingroomonly
Chutney Joe's,500 W Madison St,Chicago,IL,60661,Indian,chutneyjoe's
Papa John's Pizza,3927 N. Lincoln Ave.,Chicago,IL,60613,"Pizza, Wings",papajohn'spizza
La Casa de Roy y Moy,4410 N Kedzie Ave,Chicago,IL,60625,Mexican,lacasaderoyymoy
Kanok,3422 N Broadway St,Chicago,IL,60657,"Japanese, Sushi, Asian",kanok
Pizza By Alex,5040 W Montrose Ave,Chicago,IL,60641,"Italian, Pizza",pizzabyalex
Sushi O Sushi,346 W Armitage Ave,Chicago,IL,60614,"Japanese, Sushi",sushiosushi
Mitad Del Mundo Restaurant,2833 W Armitage Ave,Chicago,IL,60647,Mexican,mitaddelmundorestaurant
DiMaggio Cafe & Bakery,7326 W Lawrence Ave,Harwood Heights,IL,60706,"Italian, Pizza, Sandwiches",dimaggiocafe&bakery
Yu Shan Chinese Restaurant,548 N Wells St,Chicago,IL,60654,"Chinese, Asian",yushanchineserestaurant
"Tamarind Sushi, Sake & Eclectic Asian Cafe",614 S Wabash Ave,Chicago,IL,60605,"Chinese, Indian, Japanese","tamarindsushi,sake&eclecticasiancafe"
Piccolo Mondo,1642 E 56th St,Chicago,IL,60637,"Italian, Seafood, Soups",piccolomondo
Pizza Hut,4101 N Harlem Ave,Harwood Heights,IL,60706,Pizza,pizzahut
Marcello's Father and Son,2475 N Milwaukee Ave,Chicago,IL,60647,"Italian, Pizza",marcello'sfatherandson
China Hut Restaurant,7101 N Clark St,Chicago,IL,60626,Chinese,chinahutrestaurant
Hong Kong Chinese Restaurant,6958 N Clark St,Chicago,IL,60626,Chinese,hongkongchineserestaurant
Oberweis Dairy,1293 N Milwaukee Ave,Chicago,IL,60622,"Ice Cream, American",oberweisdairy
See Thru Chinese Kitchen,5656 W. Roosevelt,Chicago,IL,60644,"Chinese, Asian",seethruchinesekitchen
Fogo 2 Go,926 W. Diversey,Chicago,IL,60614,"Italian, Brazilian, Pizza",fogo2go
Fast & Fresh,3500 N Broadway St,Chicago,IL,60657,"Burgers, Sandwiches, American",fast&fresh
Beggar's Pizza,3277 W 115th St,Merrionette Park,IL,60803,"Pizza, Pasta",beggar'spizza
Casbah,3151 N Broadway St,Chicago,IL,60657,Mediterranean,casbah
La Humita,3466 N Pulaski Rd,Chicago,IL,60641,Ecuadorian,lahumita
Taqueria El Primo,3500 W. Montrose Ave.,Chicago,IL,60618,Mexican,taqueriaelprimo
The Spice,2886 N Milwaukee Ave,Chicago,IL,60618,"Japanese, Sushi, Noodles",thespice
Amato's Pizzeria,1737 N Harlem Ave,Elmwood Park,IL,60707,"Diner, American",amato'spizzeria
Bread Basket,4725 W Belmont Ave,Chicago,IL,60641,"Burgers, Pizza, Sandwiches",breadbasket
C. W. Napkin,1011 W Irving Park Rd,Chicago,IL,60613,"Burgers, Pizza, Sandwiches",c.w.napkin
Pastoral's Artisan Trays,2945 N Broadway St,Chicago,IL,60657,"Deli Food, Sandwiches, Wraps",pastoral'sartisantrays
Vegetarian Express,3109 N Halsted St,Chicago,IL,60657,"Sandwiches, Vegetarian, Breakfast",vegetarianexpress
Pizza Hut,2309 W Lawrence Ave,Chicago,IL,60625,Pizza,pizzahut
Side Street Saloon,1456 W George St,Chicago,IL,60657,"Burgers, Pizza, American",sidestreetsaloon
Reza's Restaurant - Clark St,5244 N Clark St,Chicago,IL,60640,"Mediterranean, Seafood, Salads",reza'srestaurant-clarkst
Anna Maria Pasteria,4400 N Clark St,Chicago,IL,60640,Italian,annamariapasteria
Domino's Pizza,1453 E Hyde Park Blvd,Chicago,IL,60615,"Pizza, Wings, American",domino'spizza
New China,2438 W Division St,Chicago,IL,60622,"Chinese, Asian, Lunch Specials",newchina
Orion Bar & Restaurant,5772 S Archer Ave,Chicago,IL,60638,"Polish, Pub Food",orionbar&restaurant
